<?xml version="1.0"?>
<monthly>


	<event>
		<id>1</id>
		<name>XML Events</name>
		<startdate>2016-9-15</startdate>
		<enddate>2016-9-17</enddate>
		<starttime>12:00</starttime>
		<endtime>2:00</endtime>
		<color>#ffb128</color>
		<url></url>
	</event>

	<event>
		<id>2</id>
		<name>Another Event</name>
		<startdate>2016-10-15</startdate>
		<enddate></enddate>
		<starttime></starttime>
		<endtime></endtime>
		<color>#28cbff</color>
		<url></url>
	</event>

	<event>
		<id>3</id>
		<name>Another Event</name>
		<startdate>2016-10-19</startdate>
		<enddate>2016-10-23</enddate>
		<starttime>9:00</starttime>
		<endtime>10:00</endtime>
		<color>#9cc370</color>
		<url></url>
	</event>

	<event>
		<id>4</id>
		<name>Another Event</name>
		<startdate>2016-10-2</startdate>
		<enddate></enddate>
		<starttime></starttime>
		<endtime></endtime>
		<color>#9f4b99</color>
		<url></url>
	</event>

	<event>
		<id>5</id>
		<name>Another Event</name>
		<startdate>2016-10-19</startdate>
		<enddate></enddate>
		<starttime>9:00</starttime>
		<endtime>10:00</endtime>
		<color>#9cc370</color>
		<url></url>
	</event>

	<event>
		<id>6</id>
		<name>Another Event</name>
		<startdate>2016-11-2</startdate>
		<enddate></enddate>
		<starttime></starttime>
		<endtime></endtime>
		<color>#9f4b99</color>
		<url></url>
	</event>


</monthly>
